فارسی,بلوچی
یک,یک
کمی,کمی
زیاد,باز زیات
بسیاری از,بازین ئی
رها کردن,یل کنگ
رها شده است,یل دات
پایبند بودن,نندگ
توانایی,بودناکی
توانا,لائک
درباره,بابت ء
س,برز ء
بیرون,درملک
غیبت,ساڑی نه بوگ ء
غایب,ناساڑی
دقیقا,بیرگا
جذب,چنت ئی
خلاصه,گونڈگری
چرند,بی هودگ
فراوانی,گیشی
فراوان,مزنین کساس
توهین,ردین تب
لهجه,گالوار
دسترسی,رسائی
حادثه,ویل
بودوباش,جاه دیگ
انجام دهد,سرجم
انجام شد,سرجم
مطابق,ردا
حساب,کهاته
دقت,تچکی
درست,راستین
متهم,ڈوهدار
درد,کولنج
بدست آوردن,حاصل کنگ
دستاورد,سوبمندی
تصدیق,منگ
آشنایی,جاه آرۆک
دریافت,گرگ
به دست آورد,گپت
تحصیل,گرگ
از وسط,ا دست
عمل کنید,کرد
عمل,کرد
فعال,کارء
فعالیت ها,کاران
فعالیت,چست و ایر
بازیگر,کارست
واقعی,چوناها
در حقیقت,اسل ء
حاد,سکین
سازگار شدن,وتی کنگ
اضافه کردن,پر کنگ
معتاد,هێلدار
علاوه بر این,گیشین
اضافی,گیشین
آدرس,ڈس
کافی,باز
مجاور,کر و گور
صفت,ستا
تطبیق,هوار کن
تمجید,ستا کنگ
اعتراف,منگ
اتخاذ کردن,وتی کنگ ء
قابل ستایش,دلکش
پیش پرداخت,اربون
پیشرفته,دیمروی کرتگین
مزیت,پائدگ
ماجرا,مهم جوئی
قید,جاورگال
تبلیغات,اشتهار
مشوره,شئور
توصیه,سرپد کنگ
مدافع,وکیل
زیبایی شناختی,زیبائی
امر,احوال
اثرانداز شدن,ساندار
محبت,مهر
توانستن,پجگ
مقرون به صرفه,ارزنین
ترسیده,ترس
بعد از,چه پد
بعد از چاشت,نیمروچ
پس از آن,رندا
بار دیگر,پدا
بر خلاف,هلاپ
سن,امر
آژانس,ایجنسی
عامل,دیمکار
خشونت آمیز,مڑوک
چابک,تکڑا
پیش,پیسرا
همفکر بودن,تپاک
توافق,اهدنامه
کشاورزی,کشت و کشار
پیش رو,دیما
کمک,کمک
هدف,مراد
هوا,گوات
فرودگاه,بالی پٹ
راهرو,رنگراه
زنگ خطر. هشدار,ڈاه پرینگ
الکل,ترنداپ
هشدار,شیوار
زنده,زندگ
همه,درست
خیلی خوب,شر انت
بهترین ها,الله مهروان بات
اجازه دادن,موکل دیگ
اجازه داده شد,موه دات
تقریبا,کساس
تنها,اێوک
همراه,گون
بالفعل,چوناها
بسیار خوب,شر انت
همچنان,هم
بدیل,بدل
هرچند,چوکه
همیشه,هر وهد ء
هستم,ان
تعجب آور,هیرانین
مبهم,اڑاند
پرتلاش,برز نگاه
اصلاح,بدلی
در میان,مراد
در میانی,میان
در بین ما,مئی میان ء
مقدار,زر
سرگرم کننده,دل
تحلیل و بررسی,پریس
اجداد,پشت
لنگر,لنگر
بسیار قدیم,کوهن
و,ء
و شما,ء تو
فرشته,ملائیک
عصبانیت,زهرگرگ
زاویه,گومب
خشمگین,دلگران
حیوان,دلوت
مچ پا,پاد
سالگرد,سالروچ
اعلامیه,جارانک
آزار دادن,دلگران
اذیت شده,دلگران
مزاحم,بهمانگ کنوک
سالانه,سالیگی
ناشناس,گمنام
دیگر,یک دگه
جواب,پسو
پیش بینی کنید,گمانی این
اضطراب,بی تاهیر
مضطرب,چک و دل
کدام یک,کجام یک
هر کسی,کسی هم
یگان چیز,هر شئی
بهرحال,چوناهائی ء
به هر حال,برهال
جدا از هم,جتا
اپارتمان,اپارتمان
معذرتخواهی,پهلی
آشکار,پیداکی
ظاهرا,گندگ ء
درخواست,گزارش
ظاهر شدن,در آیگ
ظاهر,پیداک
ظاهر شد,اتکگ
اشتها,گژن
سیب,سروپ
قرار ملاقات,دارگ
تشویق,ستا
قدردانی,توسیپ
رویکرد,لیکه
مناسب,شرین
تصویب,منگ
تایید,منگ
تایید شده,منتگین
آوریل,اپریل
دلخواه,وت دل ء
معمار,جوڑ کنوک
معماری,ماڑی بندگ
بایگانی,پهمیان کرتگین کاگد
هستند,این
آیا شما,تو ئی
آیا شما مشغول هستید,ایا تو دزگٹ ئی
آیا شما متاهل هستید,تو سور کرتگ
متاهلی یا مجرد,تو سور کرتگ یا نان
هنوز آنجا هستی؟,شما انگت همودا ئی؟
آیا شما آنجا هستید,ایا شما ساڑی یی
منطقه,تان
بحث,تران
بحث و جدل,دلیل
بوجود امدن,پاد ایگ
بازو,دست
ارتش,لشکر
در اطراف,کروکشان
ترتیب,بکس و بند
ورود,سربوگ
رسیدن,سر بوگ
رسید,سر بوتان
متکبر,گروناک
فلش,تیر
هنر,هنر
مقاله,نبشتانک
ساختگی,وت ساچین
هنرمند,ازمکار
مانند,انچو
تا زمانیکه,تان وهدیکه
همچنین,ایشی
خاکستر,پر
شرمنده,پشل
پرسیدن,جست کنگ
پرسید,جست کرت
خواب,واب انت
جنبه,پهنات
آسامی,اسامیسی
حمله,ارش
مونتاژ,جرگه
اظهار کننده,زوراک
ارزیابی کنید,کساس جنگ
ارزیابی,تپاس ء
دارایی,مڈی
دارایی های,مڈیان
اختصاص دهد,دیگ
وظیفه,داتگین کار
کمک کند,کمک
دستیار,کمک‌کار
وابسته,نامینگ
مرتبط است,همگرنچ
اتحادیه,سیادی
قرار گرفتن,فرض کن
فرض,هیال
در,ء
حداقل,گڈی
خورد,وارتگ
ورزشکار,لیبی
ضمیمه کردن,همگرنچ
پیوست شده است,همگرنچ
پیوست,هوار
حمله کنند,ارش
تلاش,جهد
شمولیت,بهرزورگ
حضور,حاضری
توجه,دلگوش
ذهنیت,تب
جذب کنند,وتی نیمگ دلگوش
جاذبه,رز
جذاب,دلکش
حضار,گوشداروک
اوت,اگست
خاله,ترو
عمه,تری
معتبر,پکا
نویسنده,نبیسۆک
قدرت,واک
فصل خزان,تاکچنڈ
قابل دسترس,هستین
اوسط,کساس
اجتناب کردن,رکهگ
بیدار,آگاه
جایزه,داد
آگاه,سرپد
آگاهی,سرپدی
دور,دور
عالی,ترسناک
بد,ترسناک
خام,بی وڈین
آیمارا,ایمارا
طفل,چک
عزب,لنڈ
پشت,پشت
زمینه,پژدر
بیک,ارجین
طعمه,کاه
پختن,گرادگ
نانوایی,بیکری
جوش شیرین,بیکنگ سوڈا
ترازو,پشت کپتگین
توپ,بول
بامبارا,بمبارا
موز,موز
باند,چوٹ
انفجار,تراک
بانک,بینک
بار,شرابجاه
به مشکل,کچ رزوائی
معامله,سودا
پارس سگ,چانگگ
جو,همی
مانع,اوشت
پایه,بنیاد
مستقر,ء بنیات ء
زیر زمین,جهل جاه
پایه ای,بنکی
اساسا,چونا هیگا
ریحان,تلسی
حرامزاده,کوٹک
دسته ای,بیچ
حمام,جانشودگ
باتری,باتری
نبرد,پئیکار
خلیج,هور
بودن,بوگ
مراقب باش,پهریز کن
ساحل بحر,تیاب
پرتو,بیم
لوبیا,لوبیا
تحمل,مم
نان,ریش
یاتاقان,سان
جانور,دلوت
ضرب,بجن
زیبا,براهدار
زیبایی,زیبدار
تبدیل شد,بوت
بدلیل اینکه,چیا که
شدن,جوڑ
تختخواب,نپاد
اتاق خواب,وابجاه
زنبور عسل,بینگ مگسک
جنگ,گوک
بوده است,ء
آبجو,بیئر
قبل از,پیسرا
آغاز شد,بندات بوت
آغاز,بندات
شروع,بندات
از طرف,نیماگا
رفتار کردن,تب
رفتار,تب
اخلاق,تب
باور,باور
باور داشتن,باور‌ کنگ
شکم,پشت
ربط,چه
محبوب,دوستگین
پائین,جهل ء
کمربند,لانکبند
نیمکت,بنچ
خم شدن,چوٹ کنگ
در زیر,جهل ء
فواید,پائدگان
در کنار,گورا
در کناری,ایشی
بهترین,گهترین
بهترین شانس,سلامت بات ئی
با احترام,نیکین واهشت
بهتر,گهتر
در بین,میان
نوشیدنی,شربت
فراتر,دزرس
بوجپوری,بوجپوری
تعصب,کینگ
جانبدارانه,زهرامد
دوچرخه,ٹالکی سائیکل
پیشنهاد,پربها
بزرگ,مزنین
صورت حساب,زرلۆٹ
بستن,بندگ
پرنده,مرگ
روز تولد,سالروچ
ضربه,کمی
دندان گرفتن,گٹ
تلخ,تهلین
سیاه,سیاه
تیغه,ارن
اتهام,بهتام
جای خالی,هورک
کمپل,کمبل
سفید کننده,بیلیچ
مخلوط کردن,هورتوری
برکت دادن,برکت
مبارک,مراد بات
کور,کور
سعادت,وشی
مسدود کردن,بند
خون,هون
شکوفه,پچ بوگ
ضربت,زور
آبی,سبز
صریح,تچک گش
تخته,بورڈ
قایق,لانچ
جسم,جون
جوشیدن,لهڑ
با جرات,بیباک
رابطه,کولبند
استخوان,هڈ
کتاب,کتاب
تقویه,دیمروی
تقویت کننده,دیما بروک
چکمه,بوٹ
مرز,سیمسر
منفذ,بور
خسته,بور
خسته کن,بورنگ
بدنیا آمدن,پیدا بوگ
قرض گرفتن,وام زورگ
رئیس,ارباب
هردو,دوئین
مزاحمت,کیامتی
بطری,بوتل
زیر,چیر ء
خرید,زرتگ
جهش,مان برگ
مقید شده است,پابند
مرزها,سیمسر
سرخم کردن,سرجهل کنگ
کاسه,تاس
جعبه,ڈبی
پسر,بچک
دوست پسر,بچکین سنگت
دستبند,کڑولیگ
مغز,مجگ
شاخه,شاه
نام تجاری,برانڈ
جراتمند,دلیر
رخنه,هلاپ کنگ
وقفه,پروشگ
ناشتا,ارزبند
پستان,سینگ
نفس,ساه
نفس کشیدن,ساه زورگ
نژاد,پدریچ
آجر,هشت
عروس,بانور
پل,پل
مختصر,گونڈ
روشن,روژنا
درخشان,جوان
آوردن,بیار
برادر,برات
گسترده,شاهیگان
پخش,شنگ
شکست,پرشت
شکسته,پرشتگین
جارو,روپگ
برادر شوهر,زامات
آورده شد,اؤرت
خاکستری,ناسی
قلم مو,برش
سطل,زیله
رفیق,سنگت
بودیجه,زرام
حشره,لولک
تعمیر,جوڑ کنگ
ساخته شده,بندگ
فله,باز
گاو نر,گوک
گردن کلفت,بیش کار
دست انداز,نه زورگ
دسته,بگچه
بار دوش,بار
دفن شد,کل
سوختن,سچگ
ترکیدن,ترکگ
دفن کردن,کل
اتوبوس,بس
بوته,درچکان
تجارت,باپار
شکستن,پروشگ
مصروف,دزگٹ
اما,بلی
مسکه,نیمگ
پروانه,بالو
دکمه,تمک
خریدن,بها زورگ ء
از,چه
خدا حافظ,وشین
کلم,گوبهی
کابینه,کابینه
قفس,کبس
کیک,کیک
گوساله,گوسک
زنگ,زنگ جت
به من زنگ بزن,منا فون کن
زنگ زد,لوٹائینتگ
آرام,تاهیر
آمد,اتک
پویش,تکشام
قطی,کرت کن ئی
نمی تواند,بوت نه کنت
حذف,کوتاه کنگ
سرطان,شومک
توانمند,لائک
ظرفیت,جوازت
سرمایه,بنمال
عنوان,سرنام
گرفتن,گرگ
موتر,موٹل
کارنامه,کارزند
مراقب باشید,پهریز
با دقت,پهریز
بی توجه,بیپگر
مراقبت,هیال داروکین
نجار,واڈه
فرش,جل
هویج,گزرک
برداشتن,برگ
ادامه دادن,برجاه ئی بدار
انجام دادن,زور بر
قضیه,سوب
پول نقد,نگد
بازیگران,زات
قلعه,ماڑی
غیر رسمی,ارامین
پشک,پیشی
دسته بندی,دروشم
گاو,گورم
بدست آورد,گیر
سبب,سوب
احتیاط,پهریز
محتاط,پرهیز
غار,هونڈ
دست کشیدن,جام
سقف,لوگ
جشن گرفتن,دارگ
سلول,سل
مرکز,میان
قرن,کرن
غلات,گله
مراسم,مراگش
مطمئن,راستی ء
حتما,راستین وڑی ء
گواهی,سرٹیفکیٹ
زنجیر,زنجیر
چوکی,کرشی
چالش,ٹاه دیگ
چانس,موه
تغییر,مٹ
بی نظمی,درگون درگان
شخصیت,کارست
مشخصات,هاسیت
مصرف,چارج
خیریه,هیرات
چارت سازمانی,چارٹ
تعقیب کردن,پشت ء
چت کردن,هبر
ارزان,ارزان
تقلب,ریپینگ
تقلب کردن,ریپینگ
چک,چارگ
گونه,انارک
تشویق کردن,وشی
خرسند,وش بهت
تشکر,وشاتکی
پنیر,پنیر
علم شیمی,کمسٹری
گرامی داشتن,رودینگ ء
شطرنج,شترنج
سینه,دلبند
جویدن,جاهگ
مرغ,ککڑ
دوران کودکی,کسانی
اطفال,چک
سرد,سارتین
دودکش ها,دوت کشان
چانه,زنوک
شکلات,چاکلیٹ
انتخاب,گچین
تکه کردن,برگ
کارها,کار دهندا
چاق و چله,زنڈ
کلیسا,چرچ
دارچین,دارچینی
دایره,گولائی
اوضاع,جاورهال
شهروند,جهمنند
شهر,شهر
ادعا,داوا
روشن کردن,دلجمی
کلاس,تبک
خاک رس,حاک
پاک,پلگار
شفاف,ساپ
منشی,منشی
چالاک,هژار
مشتری,زروک
صخره,جمپ
اقلیم,اپ و گوات
بالا رفتن,سرکپگ
چسبیده,لپچناک
ساعت,ساهت
نزدیک,بند
کمد لباس,الماری
پارچه,گد
لباس ها,گدان
ابر,جمبر
ابری,جمبری
دلقک,توازه کنوک
سرنخ,دوستگین
دست و پا چلفتی,اناڑی
خوشه,هولمب
مربی,کۆچ
زغال سنگ,اشکر
ساحل,تیاب
کرتی,کوٹ
قهوه,کهوه
شناختی,زانشی
اتفاقی,تپاک
سقوط,کپگ
یقه,کالر
همکار,همراه
همکاران,همراهان
جمع آوری کنید,جم
مجموعه,مچی
دانشکده,شهدربرجاه
رنگ,لون
ایده های سبز بی رنگ با عصبانیت خوابیدند,بی رنگین سبزین هیال زهرگرگ ء چه واب کپتان
ستون,کالم
شانه کردن,سررند
ترکیبی,هواری
ترکیب کردن,هواری
بیا,بیا
بیا اینجا,ادا بیا
بیا دیگه,بیا بارین
راحتی,آسراتی
آینده,پیداک انت
به زودی,زوت پیداکین
فرمان,کمان
اظهار نظر,لیکه
تجاری,باپاری
کمیسیون,کمیشن
مرتکب شدن,جز
تعهد,جزم
متعهد شد,پرجزم
کالا,تومانی دروشم
مشترک,لس
برقراری ارتباط,گپ و رپ
ارتباطات,رسانک
جماعت,براهندگی
رفت و آمد,سپر
همراه و همدم,همنوا
شرکت,کمپنی
مقایسه کنید,دیم په دیم
مقایسه,دیم په دیمی
دلسوزی,همدردی
دلسوز,دردمند
سازگار,جوان
رقابت کنند,جپت دیگ
صالح,لائک
مسابقه,مقابله
رقابتی,چکاسی
اعتراض,گلگ
شکایت,گلگ
متمم,سرجمی
تکمیل,سرجم
به صورت کامل,سرجمی ء
مجتمع,کنجل
اجابت,سرجمی
پیچیده,پیچ
تعریف و تمجید,گلگ
رعایت کنند,سرجمی
ترکیب بندی,هورتور
ترکیب,هوارین
درک مطلب,پهم
قابل فهم,پراه
سازش,من
لازمی,الم
کامپیوتر,کمپیوٹر
تمرکز,دلگوش گور کنگ
مفهوم,هیال
تشویش,تکانسر
تشویشی,فکر مند
کنسرت,زیملی دیوان
نتیجه گیری,اسر
کانکریت,بجری
حالت,جاور
شرایط,جاوران
کنفرانس,مراگش
اعتراف کردن,منگ
اعتماد,بهیسه
بااعتماد,پر بهیسه
جنجال,اڑاند
گیچ,سربتگ
گیجی,گڑ و منجی
تبریک,مراد بات
پیوستگی,گرنچ گال
اتصال,هوار
تسخیر,باج برگ
باهوش,هوش
اجازه,راضی بوگ
عواقب,اسر
حفاظت,دیمپانی
محافظه کار,سکین
در نظر گرفتن,تپاس به کن
در نظر گرفته شده,زانگ بیت
تشکیل شده است از,هوار
ثبات,دائمی
متداول,یکوئی
متداوم,یکوئی
دائما,یکوئی
یبوست,قبض
ساختمان,جوڑ کنگی
مصرف کردن,کارمرز
مصروفیت,ورگ
تماس,نزیکی
مسری,هوپ
حاوی,هوار
شامل,هوار
امروزی,هم وهد
تحقیر,کنت
مواد,نکان
متن نوشته,پژدر
قاره,هشکی
ادامه,برجاه بیت
قرارداد,منگ نامه
تضاد,تپاوت
نقش داشتن,بهر مان کنگ
مشارکت,بهرشت
کنترل,واک
بحث برانگیز,اڑوکی
راحت,‏آسیدگ
گفتگو,گپ رپ
تبدیل,بدل
ارجاع,سرکنگ
قانع ساختن,منارینت
متقاعد,منارینگ
آشپز,گرادگ
پخت و پز,گرادگ
نسبتا سرد,سارت
کنار آمدن,رکهگ
فلز مس,پوپل
هسته,المی
ذرت,مکئی
گوشه,کنڈ
لباس,گد
کلبه,کل
پنبه,کرپاس
سرفه,کلگ
توانستن (در گذشته),کرت کن ئی
شورا,کونسل
شمار,هساب
پیشخوان,کاؤنٹر
کشور,ملک
حومه شهر,کوچگی هندان
جفت,جوڑی
جرات,همت
مسیر,کورس
محکمه,امیدگس
حسن نیت,منت واری
پسر کاکا,ناکو زتک
پوش,پوش
ترسو,لگور
دنج,دل ارامین
خرچنگ,تگس
درز,شانک
مهارت,ازم
چرندیات,هربین
تصادف در,اماچ
میل شدید به,دلمانگ
خزیدن,لاپ کش
دیوانه,ابدال
ایجاد,ساچ
خلاق,ساچشتی
اعتبار,کریڈٹ
عجیب و غریب,ترسناک
کارمندان,کارنده
جرم,ڈوه
خیله,دلگوش
بحران,گپچل
شاخص,راهبند
حیاتی,ایرادی
انتقاد,شرگداری
محصول,کشار
محصولات زراعی,کشاران
صلیب,گوز راه
کلاغ,گراگ
جمعیت,مچی
شلوغ,مچی
تاج پادشاهی,تاج
مهم,هاسین
ظالم,زوراکین
کشتی تفریحی,کروز
معشوق,لپاشگ
گریه کردن,گریوگ
خیار,بادرنگ
در اغوش گرفتن,گلائیش
فرهنگ,دود ربیدگ
حیله گری,ٹگی
فنجان,کوپ
کابینت,الماری
محدود کردن,دارگ
علاج,الاج
مقررات حکومت نظامی وخاموشی در ساعت معین شب,کرفیو
کنجکاوی,هدوناکی
علاقه مند,هدوناک
فرفری,ڈکمی
واحد پول,زر
فعلی,هستین
فعلا,ای وهدان
لعنت,نالت
پرده,پردگ
کوسن,کوسن
رواج,وتی مرضی ء
گمرک,گراک
قطع,برگ
قندولک,مهروان
چرخه,سائیکل
دوچرخه سواری,سائیکل تاچگ
پدر,پت
بابا,پت
روزانه,هر روچ
لبنیات,گوک
سد,ڈیم
ضرر,تاوان
عذاب,لعنت
مرطوب,نمب
رقصیدن,سهبت
خطر,ترسناک
خطرناک,ترسناک
تاریک,تهاری
عزیز,مهروان
خط تیره,ورگ
تاریخ,تاریخ
دختر,جنکین چک
روز,روچ
مرده,مرتگین
ضرب الاجل,گڈی سیمسر
کر,کر
محترم,مهروانین
عزیزان,شما دراه
مشتری محترم,شرپمندین کارمرزوک
والدین عزیز,مهروانین مات پتان
آقای محترم,مهروانین واجه
دانش آموزان عزیز,مهروانین نودربران
تیم عزیز,مهروانین ٹولی
مرگ,بیرانی
مناظره,تران
بدهی,وام
زباله,بانڈم
دهه,دهک
پوسیدگی,گهگ
فوت شده,مرتگین
فریب دادن,ریپینگ
دسامبر,دسمبر
تصمیم گرفتن,پیسله کنگ
تصمیم گرفت,پیسله کرت
تصمیم,پئیسله
عرشه,ڈک
نزول کردن,کمی
فداکاری,ندر
سند,کار
عمیق,جهلین
آهو,اسک
برگشت,پیسرا چه گیشینتگین
دفاع,دیمپانی
تعریف کردن,تچک بکن
تعریف,ستا
درجه,مدراک
تعویق,دیر
با تاخیر,دیر
حساب شده,په زور
ظریف,نازرک
لذیذ,تامدار
لذت بسیار,وشی
خوشحال,وش
ارائه,سر کنگ
تحویل داده شده,سرکرت
تقاضا,لوٹ
مطالبه گر,لوٹ کنگ
دموکراسی,جمهوریت
دیو,شیتان
نشان دادن,پدراهی کنگ
تکذیب کرد,انکار کرت
تراکم,بزی
دندانپزشک,دنتان ساچ
رد کردن,نه منگ
بخش,بهرگ
رفت,رپتن
بستگی دارد,همگرنچ
استقرار,ایر کنگ
ذخیره,بئیانه
افسرده,ایرمانگ
افسردگی,ملور
عمق,جهلانکی
توضیح دادن,بیان کنگ
توضیح,سرجمین
صحرا,ریگستان
لایق بودن,کرزگ
طرح,دروشم
تعیین,اگده
غریزه,واهگ
میز,ڈیسک
ناامیدی,دلپروش
بیچاره,گٹ
با وصف,ایشی
شیرینی,ریگستان
مقصد,منزل
سرنوشت,بهت
از بین رفتن,ڈلینگ
تخریب,بربادی
جزئیات,سرجمی
تشخیص,گرگ
عزم,گچین
متعهد,ای گیشینگ
ویران,تباه
انکشاف,دیمروی
توسعه یافته,دیمروی
وسیله,ازباب
شیطان,شیتان
اختصاص داده شده است,ندر
دیوهی,دیوهی
دیابت,شکر
اسهال,دل
دفتر خاطرات,رودپتر
فرهنگ لغت,لبزبلد
کرد,کرت
بمیر,مرگ
فوت کرد,مرتگ
رژیم غذایی,وراک
تفاوت,دگری
مختلف,جتا
سخت,مشکل
حفر کردن,پٹگ
کرامت,بستار
کوشا,محنتی
غذای شب,شپ شام
شیب,ڈپ
مستقیم,تچک
جهت,نیمگ
کارگردان,سوجکار
خاک,پلشت
کثیف,چل
غیر فعال کردن,بی کارین
معلول,لنگ
ناپدید می شوند,بیگواه
ناامید,دلپروش
فاجعه,آپت
دور انداختن,زیان
تخلیه,درکنگ
نظم,شائستگی
تخفیف,کمی
کشف کردن,درگیجگ
تبعیض,ڈلگچاری
مرض,الت
بیماری ها,نادراهیان
مبدل کردن,دروشم
چندش آور,بژناک
ظرف,وراک
ظرف ها,رزان
رد,درکنگ
ارسال,دیم دیگ
نمایش گذاشتن,پیشدار
دسترس,زاوال کنگ
منازعه,اڑاند
فاصله,دوری
متفاوت,جتا
تفکیک,یکتا
پریشانی,تکلیپ
توزیع,بهربانگ
ناحیه,ضلع
گودال,کنڈ
شیرجه رفتن,بک ورگ
گوناگون,باز دروشم
تنوع,مٹء بدلی
تقسیم کنید,بهر
الهی,گیبی
طلاق,سئون
سرگیجه,سر ترگ
آیا تو,ایا تو
دوستم داری,تو گون من مهر کن ئی
دکتر,دکتر
میکند,کنت این
نمی کند,نه کنگ
سگ,کچک
دوگری,دوگری
در حال انجام,کنگ ء
عروسک,دتوک
دامنه,بنجاه
داخلی,هندی
غالب,سرا مشگ
نکن,مکن
نگران نباشید,چرت مجن
اهدا کنند,دیگ
انجام شده,بوت
الاغ,هر
پیش بینی کردن,نشه کنگ
دو برابر,دوسری
شک,شک
خمیر,ارت
پایین,جهل ء
دانلود,ایرگیج
متن,سیاهگ
بکشید,کشان کنگ
زه کشی,کنڈ
نمایش,کسمانک
رسامی,کشگ
کشو,دراز
طراحی,عکس کشی
وحشت,ترس
مته,ڈرل
رانندگی,هلائین
قطره,ترمپ
کاهش یافته است,دور دات
خشکسالی,ڈکال
مست,نشه ء
خشک,هشک
اردک,بٹ
بچه,یار
ناشی از,پشت کپتگین
به واسطه,سوب
بی خاصیت,نزور
گنگس,لل
انداختن,امبار
مدت زمان,مدت
در جریان,میان
گرد و خاک,دنز
ساکن,نندگ
در حال مرگ,مرگ
هر یک,هریکی
یکدیگر,هریکی
عقاب,شاهین
گوش,گوش
زودتر,پیسرا
زود,مهله
گوش ها,گوشان
زمین,زمین
زمین لرزه,زمین چنڈ
سهولت,ارزانی
به آسانی,ارزانی
شرق,رودراتک
آسان,ارزان
خوردن,ورگ
غذا خوردن,نگن ورگ
اقتصادی,معاشی
اقتصاد,معاش
لبه,کلانٹک
ویرایش کنید,دوارچاری
سواد,وانگ
تاثیر,اسر
تاثیر گذار,کارگشاد
بهره وری,کارگشادی
موثر,جوان
کوشش,جهد
تخم مرغ,هیک
بادمجان,بٹاگ
هشت,هشت
هجده,هژده
هشتاد,هشتاد
یا,یا وا
آرنج,مک
بزرگتر,مسترین
مسن,بزرگ
عنصر,بنبهر
فیل,پیل
یازده,یازده
واجد شرایط,لائک
از بین بردن,هلاس
برعلاوه,دگه
شرم آور,پشلی
در آغوش گرفتن,گلائیش کنگ
ظهور,هوار
اضطراری,اناگتی
عاطفی,جزباتی
یکدلی,هورک
تاکید,زور
اهمیت دادن,زور دیگ
کارمند,کاردار
کارفرما,مزور
استخدام,روزگار
خالی,هورک
آماده سازی,کاریگ
مواجهه,دیمپانی
پایان,هلاس
در معرض خطر,ترس
تحمل کن,سگ
دشمن,دژمن
انرژی,رمان
دخیل سازی,دزگٹ
مشغول,دزگٹ
موتور,انجن
انجینیر,انجینیئر
انگلیسی,انگریزی
تفریح,دل
مطمئن ساختن,سدکی جوڑ کن
وارد,پترگ
اشتیاق,هب
کامل,سرجمین
تحت عنوان,حگدار
وجود,هستی
تجارت پیشه,باپاری
پاکت نامه,نمدی
محیط,چپ
حسادت,هسد
حماسه,جنگی
اپیدمی,هوپ
برابر,بروبر
لوازم,ائوزار
انصاف,بروبری
معادل,بروبری
پاک کن,ساپ کنوک
خطا,ردی
فرار,جیئگ
بالاخص,هاسین
ذات,جوهر
تعیین کردن,جوڑ کنگ
ایجاد گردیده,جوڑ
املاک,اسٹیٹ
تخمین,کساس
تخمین زده,کساس جتگین
و غیره,ایندگه
ابدی,ابدمان
حتی,تان ادا
شام,بیگاه
محفل,مراگاه
بالاخره,گڈی ء
همیش,کدی
همه کس,هریکی
همه چیز,هرچی
شیطانی,هرابی
سیر تکاملی,بنداتی زمانگ
تکامل یابد,تیار
میش,ایو
سابق,گوستگین
دقیق,همی
امتحان,چکاس
معاینه کردن,تپاسگ
مثال,درور
تجاوز,هد
بسیار عالی,گهترین
توقع داشتن,گمان
استثنا,ابید
بیش از اندازه,بی کساس
تبادله,بدل
هیجانی,تمرد
هیجان,جوش
هیجان انگیز,هدوهناک
انحصاری,هاسین
بهانه,ازر
مرا ببخشید,پهل کن
اجرا کردن,پاهو
اجرا,پاهۆ /ایدام
اجرایی,کار مستر
تمرین,ورزش
اگزوز,درایگ
نمایشگاه,نمائش
وجود داشتن,هست
موجود,هستین
خروج,ڈن
بسط دادن,تالان کن
توقع,گمان
متوقع,گمانی این
هزینه ها,هرچان
قیمت,گرانین
تجربه,کته کاری
آزمایش,آزمشت
کارشناس,زانتکار
منقضی شده,هلاس
بهره برداری,تاوان
کشفیات,درگیج
صادرات,در
در معرض گذاشتن,پاشک
در معرض قرار گرفت,بیستر
برملا شدن,پدرائی
اظهار,درشان
توسیع,مزن کنگ
تمدید شده,گیشی
افزونه,دیما برگ
وسعت,هد
خارجی,دری
منقرض شده,هلاسی
استخراج کردن,درکنگ
خارق العاده,سکین لائکین
مفرط,جذبات
بی نهایت,سکین
چشم,چم
چشم ها,چمان
شگفت آور,جوان
چهره,دیم
تسهیل کردن,اسراتی پجارینگ
تجهیزات,اسراتی
امکانات,اسراتی
حقیقت,راستی
کارخانه,کارجاه
حقایق,راستی
محو شدن,مج
ناکام,بی سوب
ناموفق,بی سوب
ناکامی,بیسوبی
از هوش رفتن,بیهوش
عادلانه,تچکین
منصفانه,دلپهکی
پری,پری
ایمان,ستک
با ایمان,وپادار
تقلبی,وت گڑین
نادرست,رد
شهرت,نامداری
آشنا,پجاروک
فامیل,کهول
قحطی,ڈکال
مشهور,نامدار
شوق,براهدار
دوره,دور
بدرود,اسریء
مزرعه,مزرعه
مزرعه دار,دهکان
حیرت آور,دلکش
روش,فیشن
سریع,زوت
چاق,چرپی
کشنده,سکین
خستگی,دمبرگ
عیب,هتا
مورد علاقه,دلدوستین
لطف,اهسان
ترس,ترس
جشن,داوت
پر,پر
شمائل,هاسیت
علایم,هاسیت
فوریه,پروری
خسته شده,تنگ بوتان
فیس,فیس
خوراندن,وارێنگ
نظر جوابیه,لیکه
احساس,مارگ
پا,پاد
پایین افتاد,کپت
احساس کرد,مار ات
مونث,جنین
حصار,ٹٹ
بارور,پیربگ
جشنواره,مراگش
رفتن و آوردن,ارگ
تب,تپ
چند,لهتین
کمتر,کمتر
نامزد,دشتار
داستان,کسهی لبزانک
میدان,پڈ
شدید,سکین
پانزده,پانزده
پنجاه,پنجاه
دعوا کردن,مڑگ
تصویر,هسابداد
فایل,فائل
پر کردن,پرکنگ
پر شده است,پرین
فیلم,تامر
مالی,مالی
پیدا کردن,درگیج
خوب,شر
انگشت,لنکک
تمام کردن,هلاس
تمام شده,هلاس
آتش,اس
اول,اولی
نام کوچک,اولی نام
ماهی,ماهیگ
پنج,پنچ
اصلاح کردن,شر ئی کن
درست شد,فکس
پرچم,بیرک
فلاش,فلیش
نقص,نزوری
بی عیب و نقص,بی عیب
فرار کن,تچگ
گوشت,گوشت
پرواز کرد,بال ئی کرت
قابل انعطاف,کش دیوک
پرواز,بال
تلنگر,چپی یی کن
معاشقه,مهر کنگ
شناور,اوژناگ
سیلاب,هار
آرد,ارت
روانی,روان
گل,پل
آنفولانزا,پنشانک
روان,هبرزانت
کرکی,پژی
مایع,آپ
مه,گیتلو
مه آلود,گیتلو /گوتلو
تا کردن,پتاهگ
مردم,مردم
پیروی,رندگیری
پیگیری,رندگیری
ذیل,جهل ء
خوراک,ورگ
احمق,بی سد
احمقانه,بهدو
فوتبال,فٹبال
برای,په
مثلا,په درور
برای مثال,په درور
برای شما,تئی واست ء
ممنوع,بندش
قوت,زور
پیش بینی,پیش گوشی
پیشانی,پیشانیگ
بیرونی,دری
جنگل,جنگل
برای همیشه,دائمی
فراموشی,بی هال بو
ببخش,پهل به کن
یادم رفت,بی هال
چنگال,کنٹگ
فورم,فارم
رسمی,انچائین
خوشبختانه,وش بهتی
ثروت,وش بهت
چهل,چل
چهل و دو,چل دو
پیشرو,دیما
پرورش دادن,رزائی
جنگید,مڑگ
چهار,چار
چهارده,چارده
روباه,روبا
اسیب پذیر,نازرک
قاب,کالب
چارچوب,کارء هد
خلافکاری,ریپینگ
چیز غریب,دیوانگ
مجانی,مفت
آزادی,اجوئی
یخ زدگی,بادینگ
فرکانس,کساس
زود زود,یکوئی
مکررا,گیشی
تازه,تاجگین
جمعه,ادینگ
یخچال,سلاج
دوست,سنگت
دوستانه,دوستگی
دوستان,سنگتان
دوستی,دوستی
ترسناک,ترسناک
قورباغه,پگل
جلو,دیما
منجمد,بدیتگین
میوه,نیبگ
ناامید شده,دلپروش
سوخت,تیل
فولفولد,پلپلوڈ
کارآیی,کار
اساسی,بندری
مراسم خاکسپاری,جنازه
خنده آور,کلاگ
خز,پوست
فرنیچر,فرنیچر
بر علاوه,دگه
بازی,گوازی
شکاف,هورکین هند
گاراژ,گیراج
باغ,باگ
سیر,سیرک
دروازه,گس دپی
جمع آوری,جم
پیمانه,کساس
داد,دات
دنده,ساز سامان
جنس,جنس
عمومی,لس
بطور کلی,لس وڑان
تولید می کنند,پیدا کنگ
نسل,پدریچ
سخاوتمندانه,بکشنده
نابغه,دانا
ژانر. دسته,تهر
ملایم,نرم
اصلی,راستین
ژست,اشاره
لباس بپوش,بگیش
بلند شو,پادا
زود خوب شو,زوت وش بات ئی
روح,جن
ارواح,اناگتی
غول,بلاه
هدیه,سوگات
زنجبیل,سنڈ
دوست دختر,جنکین دوست
دادن,دیگ
شکست خوردن,یل کنگ
داده شده,دات
نگاه,دیدانک
شیشه,بلور
عینک,شیشگ
نظر اجمالی,دیم درائی
جهانی است,جهانی
غمگین,مونجا
دستکش,دستانگ
درخشش,ترپگ
چسب,گلو
رفتن,برو
برو جلو,دیما برو
گمشو,برو دور
برو بخواب,برو په نپاد
اهداف,مراد
بز,پس
خدا,هدا
خدا تو را حفظ کند,الله تئی سرا رحم بکنت
می رود,روت این
قصد دارم به,روگ
طلا,سهر
رفته,شت
میخوام,کنوک
مال,مال
بعد از چاشت بخیر,نیمروچ وش بات
خداحافظ,وش بات ئی
روز خوب,روچ وش بات
شام بخیر,بیگاه وش بات
آفرین,باز جوان
خوش تیپ,براهداری
موفق باشید,وش بهت
صبح بخیر,سهب وش بات
صبح بخیر عشق من,سهب وش بات منی جان
شب بخیر,شپ وش بات
کالاها,مال
گوگل,گوگل
مترجم گوگل,گوگل رجانک
غاز,کونج
بسیار زیبا,براهدار
شایعات,گپ رپ
گرفتم,رست
فهمیدم,ای رست
حکومت,سرکار
بدست گرفتن,بگر
مقطع تحصیلی,جمایت
به تدریج,کم کم ء
فارغ التحصیل,گریجویٹ
اعطا کردن,دیگ
اعطا شده,داتگ
انگور,انگوران
فهم,دست کپگ
چمن,کاه
ممنون,منتوار
قبر,گور
طمع,تمه
حریص,حرص
سبز,سبز
سلام کردن,سلام
احوالپرسی,سلام
با درود,درود
توری,گریڈ
غم,گم
آسیاب کردن,درشگ
خواربار,تهلگانی
داماد,سالونک
ناپاک,سرجمین
گروه,بر
رشد,ردوم زورگ
بد خلق,بد روح
گوارانی,گوهارانی
ضمانت,مانزمانی
نگهبان,دیمپان
مهمان,مهمان
راهنمایی,راهشونی
رهنما,راهشون
گناهکار,میاربار
بچه ها,مردم
سالن ورزش,جم
عادت داشتن,آدت
زیستگاه,خانه
تگرگ,ترونگل
مو,مود
نیم,نیم
سالن,دیوان جاه
دست,دست
مدیریت,دستگ
آویزان شدن,پاهو
پاتوق کردن,دائمی نندجاه
به وقوع پیوستن,بیت
اتفاق افتاد,بوتگ
خوشحالی,وشی
سالروز تولد مبارک,سالروچ مرادبات
تولدت مبارک,ترا بو تن ء روچ مراد بات
سال نو مبارک,نوکین سال مرادبات
به ندرت,سکی
زیان,تاوان
زیان آور,تاوان دیوک
هماهنگی,وت مان وتی
خشن,سک
داشتن,بوتگ
نفرت,چه کینگ
روز خوبی داشته باشید,روچ وش بات
صبحانه بخور,ناری بکن
خوش بگذره,وش بات ئی
آیا خورده ای,تو نگن وارتگ
او,ا
او دارد,ائی
او است,ا این
کله,سر
سردردی,سردرد
التیام‌بخش,دراهی
صحت,جوڑی
گوش دادن,دلگوش
شنیده شد,گوشدارگ
قلب,دل
حرارت,گرم
جنت,بهشت
سنگین,گرانین
گیج کننده,دزگٹ
قد,برزی
وارث,سیال
سرقت,ڈنگی
نگهداری,برجم
جهنم,جندم
سلام,سلام
سلام عزیز,هیلو دوست
سلام شما چه حال دارید,هلو تو چون ئی
سلام حالتون چطوره,هلو تو چی کنگ ء ئی
کلاه ایمنی,هیلمیٹ
مفید است,دردوار
سپس,همی واسته
از وی (مونث),ائی ء
گله,رمگ
اینجا,ادا
میراث,دمب
مخمصه,پشت
سلام. چطوری,سلام چی هال انت
پنهان شده است,چیرین
پنهان شدن,چیر دی
سلسله مراتب,درجه بندی
بلند,مزنین
برجسته,پدر
پیاده روی,پیادگ
تپه,کوه
از او (مذکر),ائی ء
اشاره,شون دیگ
ران,کمک
باسن,کونڈان
کرایه کردن,کراه
از او (مرد),ائی ء
هوم,هئوم
سرگرمی,هدوهناکی
صبر کن,بداری
سوراخ,ٹنگ
رخصتی,موکل
توخالی,پچین
خانه,لوگ
مشق شب,لوگ
صادق,ایماندار
صادقانه,دلپهی
عسل,بینگ
افتخار و احترام,شرپ
کاپوت ماشین,دموکا
قلاب,چامپل
هاپ,سٹگ
امید,امیت
نومید,بیامیت
افقی,پرائی ء
شیپور,کانٹ
ناگوار,ترسناک
اسب,اپس
بیمارستان,نادرهجاه
مهمان نوازی,مهمانجلی
میزبان,مهماندار
خصومت آمیز,دژمنی
گرم,گرم
هتل,هتل
ساعت ها,کلاکان
خانواده,لوگی
چطور,چی
در مورد شما چطور,تو چون ئی
چه حال دارید,تو چون ئی
شما چه حال دارید,تو چون ئی
شما امروز چه حال دارید,تو مرچی چون ئی
امروز چطوری,تو مرچی چون ئی
چطوری,تو چون ئی
چطور است,چون این
چند تا,چنچو
چه مقدار,چنچو
چند وقت,چنچو رندا
شما چند ساله هستید,تئی امر چی این
روزت چطور بود,تئی روچ چون گوستگ
شبت چطور بود,تئی شپ چون گوست
البته,انچو که
هاب,بنجاه
شوهر,مرد
بغلگیری,امباز
انسان,مردمی
منکسر,دزبندی
رطوبت,نمی
صد,سد
گرسنه,زهر گرگ
شکار,شکار
طوفان,زری شرتگ
عجله کن,اشتاپی
زخم برداشتن,پروش
شتاب,شئور
بهداشت,جانسلامتی دیمپان
من,من
من هستم,من ان
من خوبم,من وشان
من میتوانم,من کرت کنان
من نمیتوانم,من کرت نکنان
انجام میدهم,من کرت
نمی دانم,من نزانان
من نمی فهمم,من سرپد نه بوتان
من این کار را نمی کنم,من نه کنان
من نمیدانم,من نزانان
من منظور شما را متوجه نمی شوم,من تئی مراد ء سرپد نه بوتان
من شما را نمی فهمم,من تئی گپ ء سرپد نه بوتان
من نمی دانم,من سرپد نیان
حدس می زنم,منا گمان انت
من داشتم,گون من بوتگ
من دارم,منی گورا
من بوده ام,من بوتگان
امیدوارم,منا امیت انت
من میدانم,من زانان
من دوست دارم,من دوست ئی داران
من به شما علاقه دارم,من ترا دوست داران
من عاشق,من مهر کنان
من عاشق برادر بزرگم هستم,من وتی مسترین برات
من عاشق خواهر بزرگم هستم,من وتی مسترین گهار
من پدرم را دوست دارم,من وتی پت
من برادر کوچکم را دوست دارم,من وتی کسترین برات
من عاشق خواهر کوچکم هستم,من وتی کسانین گهار
من مادرم را دوست دارم,من وتی مات
من شما را دوست دارم,گون تو مهر کنان
من شما را بسیار زیاد دوست دارم,من گون تو سک مهر کنان
من هم شما را دوست دارم,من هم گون تو مهرکنان
منظورم,منی مراد
شما بیادم می آیید,من ترا گیر ارگ ء ان
دلم برات خیلی تنگ شده,منا تی وستا باز ذهیر کنت
من میبینم,گندان
من فکر می کنم,منی هیال ء
من درک میکنم,من سرپد بوتان
من می خواهم,من لوٹان
می خواهم ببینمت,من ترا گندگ لوٹان
من تو را می خواهم,من ترا لوٹان
من بودم,من اتان
من میکنم,من کنان
من خواهم بود,من بان
من خوب هستم,من وشان
من اینجا هستم,من ادا ان
من متاسفم,من پهلی لوٹان
یخ,برپ
بستنی,ائس کریم
اندیشه,هیال
ایده آل,دل تبین
همسان,یک وڑین
شناسایی,پجار
هویت,پجار
بیکار,بیکار
اگر,اگان
نادیده گرفتن,ڈالچار کنگ
مریض,ناجۆڑ
غیر مجاز,درقانودی
بیماری,ناجوڑی
ایلوکانو,للوکانو
تصور کردن,هیال
فوری,زوتین وڑان
عظیم,بی کساس
بی صبر,بیسبر
تحمیل کنند,دیما ارگ
غیر ممکن,نه بؤک
تاثیر گذاشتن,وتی نیمگ
جالب,دل
بهبود,گهترئی بکن
در مقابل,دیما
به منظور. واسه اینکه. برای اینکه,یکین ردا
نامناسب,ناراه
مشوق,سوج دیگ
درآمد,امدن
ناراحتی,سهت
اضافه,گیشی
افزایش یافت,گیش کرت
ناقابل باور,بء یقینین
آزاد,اجو
هند,هندوستان
نشان می دهد,شۆن دئیگ
بومی,دانائی
فرد,تهنائین
صنعت,کارجاه
حتمی,نادلجمی
نوزاد,شیرمچ
عفونت,انفکیشن
التهاب,سوزمان
تورم,گرانبهائی
آگاه کردن,سرپد کنگ
اطلاعات,سۆج
عناصر,چیز
وراثت,چه پشتان
اولی,بنداتی
ابتکار عمل,بندات
مجروح,ٹپی
جراحت,ٹپی
معصوم,بیگناه
نوآوری,نوکی
استعلام,پولگ
ناامن,بی ایمن
درج کنید,مان کنگ
داخل,تها
بینش,جوانی
اصرار کنید,ستم کنگ
بیخوابی,واب نیاهگ
الهام گرفتن,وازه
الهام بخشیدن,دلبڈی
نصب,انسٹال
نمونه,درور
بجای,ایشی
دستورالعمل ها,سوج
ابزار,اله
بیمه,انشورنس
سالم,برجاه
صداقت,سلامتی
پر فکر,زانتکار
هوش,هوش
هوشمند,پهمی
قصد داشتن,اراده
مورد نظر,اراده کرتگ
نیت,اراده
تعامل داشتن,گپ
اثر متقابل,گند و چار
علاقه مندی,هدوهناکی
مداخله کردن,دزمانجنی
حد واسط,میان
درونی,تهی
بین المللی,میان استمانی
کارآموزی,وضیفه
تفسیر,تپاس
مترجم,تپاسگر
قطع کردن,اڑاند
مصاحبه,گلگدار
صمیمی,هواری
در داخل,ء چه
معرفی,پجارینگ
مقدمه,پجار
درون گرا,تئی نیمگ ء
بی اعتبار,رد
اختراع کردن,جوڑ کنگ
فهرست,مال
سرمایه گذاری,سرمایه
تحقیق کردن,پٹگ
دعوت,لوٹک
صورتحساب,بیجک
دخیل بودن,هوار
دخیل,هوار
آهن,اسن
است,این
جزیره,زروان
جدا شده,پیک
مسئله,جیڑه
مسایل,جیڑهان
این,ای
این است,ایش این
بود,ای ات
خوبه,شرین
مشکلی نیست,ای شر انت
مورد,ائٹم
موارد,چیزان
آن,ایشیء
ژاکت,جیکٹ
زندان,بندی جاه
ژانویه,جنوری
فک,شاگور
حسود,‏گوجزگ
تند و سریع,چنڈ
جواهر سازی,سونار
کار,نوکری
دویدن,سرینگ
تشریک,هوار بوگ
مفصل,هوارین
شوخی,توازه
روزنامه نگار,اهوالکار
سفر,مساپری
شادی,وشی
قاضی,جج
آب میوه,شیرگ
جولای,جولائی
پرش,جتککی
ژوئن,جون
جنس اوراق و شکسته,هواری
فقط انجامش بده,بس بکن ئی
عدالت,انصاف
توجیه,جایز
کالاالیسوت,کالالیسٹ
نگهداشتن,دارگ
ادامه بده,همی وڑا برجاه بداری
نگهداری می شود,زرتگ
کتری,کیتلی
کلید,کلیت
لگد زدن,مشت جنگ
شوخی کردن,توازه
کلیه,گٹگ
کشتن,کشگ
نوع,دروشم
یک جور هایی,دروشم
محبت آمیز,مهربانی کن
مهربانی,مهروانی
پادشاه,بادشاه
بوسه,چکگ
آشپزخانه,چل
بادبادک,کانگڑو
بچه گربه,پیشی
زانو,پاد
می دانست,زانان
چاقو,کارچ
شوالیه,نائٹ
دانستن,زانگ
علم,زانت
شناخته شده,زانتگین
کنکانی,کوکانی
کریو,کریو
برچسب,مهر
کار یدی,مزور
نداشتن,نیستی
نردبان,پدیانک
خانم,زال
گذاشته,ایرین
دریاچه,مزنگورم
بره گوسفند,گٹور
لنگ,لنگ
لامپ,بتی
چشم انداز,زید
زبان,زبان
دامان,سرزان
آخرین,گڈی
آخرین موضوع ولی به همان اهمیت,گڈی بلی اسری نان
نام خانوادگی,گڈی نام
دیر,دیر
اخیرا,همی زوتان
بعدا,رندا
دومی,رندا
خنده,کندگ
خندیدن,کندگ
بوجود آوردن,دیما ارگ
خشکشویی,شودوک
قانون,کانود
وکیل,قانود زانت
خوابیدن,رکهینگ
لایه,تل
چیدمان,ترتیب
تنبل,بهیا
رهبری کردن,راهشونی
رهبر,راهشون
برگ,تاک
نشت,تنگ
خمیدن,زنڈین
یاد گرفتن,دربرگ
یادگیری,دربرگ
اجاره,لیز
کمترین,کم چه کم
چرم,پوست
برگها,موکل
رهبری,راهشونی
چپ,چپ
مجاز,کانودی
افسانه,نامی
قانونی,قانودی
قرض دادن,وام دیگ
طول,دراجی
کم,کم
درس,درونت
گذاشتن,دی
نامه,نمدی
کاهو,تاک
مرحله,حد
قدرت نفوذ,بیعانه
مسئولیت,چٹی
کتابخانه,کتابجاه
لیسیدن,چٹگ
دروغ,دروگ
زندگی,زند
رعد و برق,روشنائی
پسندیدن,انچو
احتمال دارد,مثال
به همین ترتیب,همی وڑا
خط,لائن
لینگالا,لنگالا
ارتباط دادن,لنک
شیر نر,شیر
استماع,گوشدارگ
ادبیات,لبزانک
آشغال,کسانین
کبد,جگر
زندگی می کند,زندمان
زندگی کردن,زندگ
هال,نندگ
مارمولک,کٹار
قرص نان,نگن
قریه,وام
محلی,هندی
محل,جاه
قفل کردن,کبل
تعطیلی,کبل بند
ورود به سیستم,بنڈ
دراز,دراج
کم پیدایید,وهدی گوستگ که ترا نه دیستگ
قواره,بچار
حلقه,لوپ
سست,شل
خداوند,رب
گم کردن,گار بوگ
گمشده,گار بوگ
مقدار زیادی,باز
سالن استراحت,ودارجاه
عشق,مهر
تو را دوست دارم,گون تو مهر انت
پایین تر,کمتر
وفادار,وپادار
وفاداری,وپا
شانس,بهت
خوش شانس,بهتاور
لوگاندا,لوگنڈا
بار مسافر,ارد
توده,ڈک
غذای چاشت,سبارگ
ریه ها,پپ
لوکس,ایش
دروغ گویی,دروگ بندگ
دستگاه,ماشین
ساخته شد,جوڑ کرتگ
مجله,تاک
باشکوه,مزن
خدمتکار,داشته
مایتیلی,میٹهیلی
جگرن,مزنین
اکثریت,گیشی
ساختن,جوڑ کنگ
آرایش,کزا
مذکر,مردین
مرکز خرید,مال
مرد,مردین
مدیر,بندوبستکار
دستکاری کردن,هوار توار کنگ
شیوه,داب
کتابچه راهنمای,مینوئل
چندین,باز
بسیاری از بازگشت های مبارک روز,روچ ء واتری باز باز مراد بات
مارس,مارچ
بازار,نهادی
ازدواج,اروس
متاهل,سورئین
ماسک,ماسک
استاد,واجه
ریاضی,هساب
ماده,معامله
بلوغ,برزی
می,بوت کنت
شاید,بوت کنت
من همچنان,من هم
معنی,بزان
طریق,معنا
منظور,بزانت
در عین حال,همی وهدان
اندازه گیری,کچ
معیارهای,گامگیج
پزشکی,میڈیکل
دوا,درمان
مراقبه,مراقبه
متوسط,میان ء
ملاقات کردن,رسگ
جلسه,دیوان
Meiteilon,میٹییلن
ذوب شدن,اپ بوگ
خاطرات,یاداشتان
حافظه,یاداشت
ذهنی,گنوک
تذکر,زکر
ذکر شده,زگر
مرشد,سرپد کنوک
تاجر,سوداگر
رحمت,رحم
صرفا,بس
کریسمس مبارک,میری کرسمس
بهم ریختگی,گسڑ
پیام,کلوه
بی نظم,پچل
فلز,اسن
موش,مشکان
وسط,دلگ
نیمه شب,شپ نیم
ممکن,بوت کنت
خفیف,معتدل
نقطه عطف,بنیاد
نظامی,لشکر
شیر,شیر
میلیون,میلیون
طرز فکر,فکر
از من,منی
مخلوط شدن,وت مان وت هواری
جزئی,کسانین
دقیقه,دامان
دقایق,دامان
معجزه,معجزه
آینه,ادینک
متفرقه,دگه دگه
شیطون,بدماش
بینوا,بزگ
بدبختی,بزگی
از دست دادن,یله کنگ
شما را یاد میکنم,تو گیر کائی
گم شده,بیگواه
ماموریت,مشن
غبار,مج
اشتباه,ردی
میزو,میزو
سیار,موبائل
مسخره کردن,توازه
مدل,ماڈل
در حد متوسط,دل سپاه
نوین,نوکین
فروتن,آجز
قالب,مان کنگ
خال,نشان
مادر,مات
لحظه,ساعت
دوشنبه,دوشمبی
پول,زر
نظارت کنید,چاروگدارکنوک
میمون,شادو
دهان,ماه
مزاج,تب
ماه,ماه
اخلاقی,مردمگری
بیشتر,دگه
صبح,سهب
رهن,رهن
اغلب,گیشتر
حرکت,جنز
انگیزه,دلبڈی
کوه,کوه
جنبش,جنز
فیلم سینما,تامر
بسیار,باز
گل و لای,هاک
لیوان,پیالگ
ماهیچه,کالگ
موزه,میوزیم
قارچ,کٹینگ
موسیقی,ساز
ضروری,الم
بی صدا,بی توار
متقابل,وت مان وتی
عزیزم,منی دوستگین
دوست من,منی دوست
هواناو من پر از مارماهی است,منی اوور کرافٹ هیلزء چه پر انت
عشق من,منی مهر
اسم من هست,منی نام این
باعث افتخار من,منی وش بهتی این
خودم,من وت
اسرار امیز,پر اسرار
رمز و راز,اسرار
اسطوره,میته
ناخن,کیلا
آدم ساده,بولی
نام,نام
روایت,اسپانک
تنگ,تنگ
مردار,گسڑین
ملی,راجی
ملیت,وتن
طبیعی,ابرمی
طبیعت,ابرم
حالت تهوع,هوکارگ
در نزدیکی,نزیکین
گردن,گردن
گردن بند,گٹی
نیاز,گزر
منفی,چپین
بی توجهی,رد
مذاکره کنند,گپ
همسایه,همساهگ
محله,همساهگ
هیچ یک,نان که
خواهرزاده,برازاتک
نرد,گنوک
ناآرام,ترس
لانه,کدو
خالص,دام
شبکه,نیٹورک
خنثی,بیپلو
به هیچ وجه,کدی نان
هرگز تسلیم نشوید,کدی همت
بیخیال,چشین گپی نه این
جدید,نوکین
اخبار,هال
بعدی,دومی
جنب,ایشی
از ملاقات با شما خرسندم,شر بوت که ترا دیست
شب,شپ
کابوس,ترسناکین واب
نه,نو
نوزده,نوزده
نود,نود
هیچ کس,کسی نان
سروصدا,شور
پر سر و صدا,کوکار
هیچ,کس نه این
ظهر,نیمروچ
نخیر,نان
شمال,گوریچان
بینی,پۆنز
نوستالژیک,کوهنین یات
نیست,نن
اصلا,هچ وڑا نان
بد نیست,هراب نه انت
الان نه,انون نان
تا حال نه,انوگ
توجه داشته باشید,نوٹ
اشاره شد,یات کرت
یادداشت,گشتاک
متوجه شد,دل
اسم,نامگال
اسم ها,نام
رمان,گدار
نوامبر,نومبر
این روزها,مروچان
بی احساس,سن
عدد,لمبر
پرستار,نرس
مهره,دام
جوز هندی,جورینک
تغذیه,ردوم
سوگند,سوگند
چاقی,زنڈی
تابعداری,هذمتگاری
مفعول,چیز
مشاهده,گلگ
رعایت کنید,دیدانک
غرق,گنوک
وسواس,مهر
منسوخ شده,وهد شوتگ
به دست آمده,گپتگ
واضح,تچک
واضحا,پدرین
بعضی وقتها,اناگت ء
شغل,زورگیری
وقوع,بوگ
رخ داده است,بوت
رخ می دهد,بیت
اقیانوس,زر
اکتبر,اکتوبر
عجیب,دریگ
کاملا,هنچو
خاموش,بند
توهین آمیز,زورین
دفتر,کارگس
غالبا,گیشتر
آه,اوه
اوه واقعا,او راستی ء
روغن,ائل
باشه عزیزم,شرین جان
باشه عشقم,شرین منی جان
خوب است عزیز,شر مهروان
خوب عزیز,شرین مهروان
خوب است عشق من,شرین منی جان
پیر,کوهنین
بالای,سرا
یکبار,یک رندی
یک زبان هرگز کافی نیست,یک زبانی کدی هم بس نه بیت
پیاز,پیماز
برخط,ان لائن
فقط,بس
باز,پچ
نظر,لیکه
فرصت ها,موهان
فرصت,موه
مخالف,چپ
خوش بینانه,پر امیت
گزینه,واک
اختیاری,اختیاری
کینو,موسمبی
فرمایش,هکم
عادی,لس
سازمان,گل
گرایش,سرپدی
اصل و نسب,بن
اورومو,اوڑوما
یتیم,چوره
در غیر آن,دومی وڑا
باید,لوٹیت
از ما,مئی
ماموریت ما این است که همه را در همه جا قادر به درک جهان و بیان خود در سراسر زبان ها کنیم.,مئی مشن:هریکی ء را، دنیا ء هر هند ء سرپد بوگ ء وتی زبانان درشان کنگ ء قابل جوڑ کنگ انت۔
ماموریت ما: سازماندهی اطلاعات جهان و قابل دسترس و مفید ساختن آن برای جهانیان.,مئی مشن: دنیا ء سرپدیان یکجاه کنانء اشان ء جهانی تک ءرسینگ ء پائدگی جوڑ کنگ انت۔
نتیجه,اسر
برونگرا,دزکش بوک
پریز,دکان
طرح کلی,خاکه
استثنایی,باز جوان
فر,ترون
در آنجا,اودا
بصورت کل,سرجمین وڑا
غلبه بر,سرء گرگ
بیش از حد فکر کردن,گیش جیڑگ
زیر تاثیر,ایردست
خردکننده,ایر پروشگ
مقروض بودن,دیگی ان
جغد,گگو
خود,وتی
مالک,مالک
سرعت,هٹ
بسته,پٹول
بسته بندی,پیکیج
پرداخت شده,ادا کرت
رنگ کردن,رنگ
رنگ آمیزی,عکس کشی
رنگ پریده,زرد
نخل,مچ
ماهی تابه,درد
همه گیری,جهانی هوپ
شلوار,هسگ
کاغذ,کاگد
بهشت,بهشت
موازی,یکشل ء
عفو,پهلی
پدرومادر,مات
پارک,پارک
طوطی,مٹو
جعفری,اجوائن کراسانی
شرکت کردن,بهر زورگ
مشخص,هاسین وڑان
به ویژه,هاسین وڑان
شریک,همراه
مهمانی,دیوان
کامیابی,پاس
گذر,گوزگ
گذشت,گوازێنت
پرشور,هدوناک
منفعل,ناکارین
کلمه عبور,پاس ورڈ
گذشته,گوست
پچ,پیچ
راه,راه
تاسفبار,هرابی حالت
مکث,دستی دارگ
پیاده رو,فرش
پرداخت,ماجب
آرامش,ایمنی
صلح آمیز,ایمن
هلو,شپتالو
اوج,تیهر
گلابی,ناشپاتی
نخود فرنگی,مٹر
ادرار,مس
پوست کندن,پوست
همتا,همراه
همسالان,همراه
خودکار,کلم
مداد,پنسن
در انتظار,اوشتاتگین
فلفل,پلپل
درک,سرپد بوگ
تصور,لیکه
دائمی,دائمی
مجوز,اجازت
استقامت,دلجم
مداوم,یکوئی
شخصی,زاتی
دیدگاه,لیکه
قانع کردن,منارین
منحرف,بی سدین
حیوان خانگی,گس دپی دلوت
فاز,بهر
پدیده,جاور
فلسفه,تب زانتی
تلفن,تلفن
عکس,عکس
عبارت,گالبند
فزیکی,بدنی
قطعه,بهر
قطعات,ٹکر
خوک,هوک
کبوتر,کپودر
بالش,سرجاه
خلبان,بالگر
سنجاق,سچن
آناناس,انانس
رنگ صورتی,گلابی
ترحم,اپسوز
مکان ها,جاگهان
طاعون,طاعون
هموار,سادگ
پلان,اراده
طیاره,بالی گراب
نبات,درچک
گیاهان,درچکان
بشقاب,تالی
سکو,فلیٹ فارم
بازی کردن,گوازی کنگ
مسرور کننده,وش
لطفا,مهروانی
راضی,وشنود
لذت,وشی
پلاگین,پلگ
آلو,شپتالو
لوله کش,پلمبر
جمع,باز
پادکست,پوڈکاسٹ
شعر,لچه
نقطه,نشان
سم,زهر
پلیس,پولیس
خط مشی,پالیسی
با اخلاق,شهم
آلودگی,سیل
حوضچه,کمب
استخر,تلاوگ
مدفوع,گوت
غریب,وار
گوشت خوک,لدیگ ءء گوشت
فرنی,دلیه
بندر,بندن
موقف,جاه
مثبت,جوانین
در اختیار داشتن,مالک
مالکیت,هستی
مضافالیه,مالک
عقب انداختن,مهتل
سیب زمینی,پٹاٹوک
ممکنه,زکت
پوند,پاؤنڈ
فقر,دزتنگی
قدرتمند,زوراک
کاربردی,تجربت
نماز خواندن,دعا
با ارزش,تنگه
ترجیح دادن,دلگوش دیگ
ترجیح,برزلیکهی
حامله,لاپ پر
حق بیمه,پریمیم
آمادگی,گیشێنگ
آماده شده,تیار
حرف اضافه,هوارگال
حال,هستین
حفظ,والینگ
رئیس جمهور,سرکماش
مطبوعات,رسانکدر
فشار,زور
تظاهر,پیشدارگی
جلوگیری,دارگ
غرور,پهر
کشیش,پادری
اولیه,بنگێجی
نخست,جوانین
شاهزاده,شاهزادگ
سرمعلم,سرور
قبلا,پیسرا
الویت,برزلیکهی
حریم خصوصی,راز
خصوصی,جندی
امتیاز,شرپ
روند,کار راهبند
ادامه دهید,دیما برو
تولید کردن,شگام
تولید,برورد
حرفه,کسب
حرفه ای,کارزانت
سود,پائدگ
پیشرفت,دیمروی
پروژه,پروجیکٹ
وعده,کئول
تقویه کردن,دیمروی دیگ
ترویج,دیمروی
بروقت,زوتین وڑان
دمر,دیم‌ په‌ چیر
ضمایر,پنامگال
تلفظ,گالتوار
ثبوت,سبوت
بشکل درست,شری
خواص,مڈی
ملکیت,جائیداد
پینشهاد,شئور
رفاه,وشهالی
موفق,وشهال
مفتخر,پهر
ثابت کردن,بگیشین
فراهمی,به دی
ارائه شده است,پجارینتگان
استان,صوبه
تدارک,پجارینگ
کش کردن,ارژپ
کدو حلوایی,کوسیچ
وقت شناس,وهد
شاگرد,شاگرد
خریداری,بها زورگ
بادنجانی,جمو
کیف پول,بگل جول
دنبال کردن,سرء گرگ
دستیابی,گرگ
فشار دادن,تیلانک
صلاحیت,وانگ
کیفیت,هاسیت
قرنطین,چیردیگ
نزاع,مڑگ
ربع,چارک
کچوا,کچوا
ملکه,بانک
پرس و جو,جست
سوال,جست
قطار,کول
به سرعت,زوتان
لحاف,لیپ
ترک کردن,یل کن
نقل قول,گشتن
نقل قول ها,بتل
خرگوش,کرگوش
خشم,زهر
باران,هور
ترفیع,چست کنگ
مطرح کرد,چست کرت
دوید,تچ
یکباره,سر سیٹی
به طور سریع,ترندی
بسیار کم,نایاب
کهیر,سهردانگ
موش صحرایی,مشک
نرخ,نهاد
بلکه,بلکین
نسبت,تناسب
گویا,دانائی
رسیده است,سربوتان
واکنش,پدکرد
خواندن,وانگ
آماده,آمادگ
حقیقی,راستین
واقعیت,گواچن
احساس کردن,مارشت
عقب,پشت ء
دلیل,سوب
معقول,شرین
به خاطر آوردن,یات دارگ
دریافت شد,رست
اخیر,انوگین
پذیرایی,دیمراه
دستور آشپزی,پرمان
بی پروا,بی سد
به رسمیت شناختن,پجار
شناختن,پجار
سفارش,سپارشست
توصیه شده,سفارش کرتگین
بهبود می یابند,وش بوگ
مستطیل,مسطتیل
سرخ,سهر
از گرو در اوردن,یل کنائینگ
رستگاری,یلهی
کاهش دادن,کم
زائد,بی کار
مرجع,شوندات
منعکس کنند,لگگ
بازتاب,لگگ
خودداری,پرهیز
بازپرداخت,واتر کنگ
انکار,بجتگ
احترام,درگت
در باره,بابت ء
بدون در نظر داشت,ایشی
ثبت نام,نبشته بکن
پشیمانی,اپسوز
به طور منظم,یکوئی
مربوط بودن,نزیک
مرتبط,سیالی داروکین
خویشاوند,سیاد
بستگان,سیاد
آروم باش,ارام کن
رهایی,یل کنگ
منتشر شد,یل کنگ
قابل اعتماد,بهیسه این
مسکن,کمک
راحت شد,ارام
دین,دین
دینی,نیکراه
مذبذب,ا ترس انت
تکیه,بهیسه
باقی ماندن,پشت کپگ
باقی مانده است,پشت کپتگین
قابل توجه,مزنین
درمان,دوا
بیاد داشتن,یات بدار
به یاد آوردن,یات دیائینگ
یادآور,ترانگیج
از راه دور,دور
ارائه دادن,دیگ
تکرار,پدا
جایگزین کردن,بدل ئی کن
گزارش,اهوال
نمایندگی کند,پیش کنگ
نیازمند بودن,گزرین
نجات,رکهین
تحقیق,پولکاری
شبیه,همگونگ
رنجش,نوشی
رزرو,بکنگ
مقیم,نندوک
استعفا دهد,یل کتگ
انعطاف پذیری,تاگت
ارتجاعی,لیس
مقاومت کردن,گهگیر
مقاومت,گهگیری
قطعنامه,کولبند
برطرف کردن,گیشوار
رفت و آمد مکرر,سواد جاه
منابع,شوندات
پاسخ دادن,پسو به دی
مسئول,زمهوار
استراحت,ارام
روحش شاد,ارام
رستورانت,ورگجاه
بازگرداندن,بود دیگ
نتایج,اسران
سرگیری,پدا بندات به کن
خرده فروشی,لس نر‌‌‌‍‌‌‍خ ‌
بازنشسته,هلاس
عقب نشینی,پشت
بازیابی,واتر گرگ
برگشتاندن,واتری
علنی شدن,پدر کنگ
آشکار کرد,پدر
انتقام گرفتن,بیر
عواید,امدن
معکوس,چپ
بازنگری,چمشانک
تجدید نظر کنید,دوارچاری
تجدید نظر,دوار چاری
انقلاب,اشوب
ریتم,ساز
برنج,برنج
ثروتمند,سیر
خلاص شدن از شر,رکهینگ
سواری,تاچگ
همین الان,انون
سفت و سخت,ترند
آبکشی کنید,شودگ
شورش,شورش
رسیده,پهته این
صعود,چست کنگ
رقیب,دیم ء
رودخانه,کور
جاده,راه
کباب,بریجگ
سنگ,سنگ
میله,لٹ
نقش,کرد
رول,رول
اتاق,کۆٹی
ریشه,روتگ
طناب,چیلک
پوسیده,پون
گرد,گول
روال,هر وهدی هساب
مالیدن,لتارگ
لاستیک,ربڑ
بی ادب,مزن گند
قالیچه,جل
خراب کردن,بربادی
خط کش,هاکم
قوانین,راهبند
در حال اجرا,روگ
دهات,کوچگی
عجله,زوت
گونی,گونی
مقدس,پاکین
قربانی,کربان
مصئون,دیمپان
پرواز ایمن,دیمپانین بال
ایمنی,امان
حکیم,حکیم
گفته شد,گوشت ئی
سفر دریایی,گراب
کشتیرانی,ناهدائی
معاش,پگار
فروش,بها
ماهی سالمون,سارم
نمک,واد
اینجا هم همینطور,ادا اون هما
شن,ریک
سانسکریت,سنسکرت
طعنه آمیز,کندگ
گستاخ,سیسی
نشست,نشت
رضایت,دلجمی
راضی کردن,دلجم
رضایت بخش,دلجمی
شنبه,شمبی
سوسیس,سورین ورگ
وحشی,وکشی
دید,دیستگ
مقیاس,کیلو
کلاهبرداری,دگاه
جای زخم,داگ
کمیاب,نایاپت
روسری,چادر
پراکنده شده است,شنگ شانگین
صحنه,ندارگ
منظره,ندارگ
رایحه,وشبو
جدول,شیڈول
مکتب,وانگجاه
دانشمند,سائنس زانت
دانشمندان,سائنسدانان
قیچی,مگراز
سرزنش کردن,نهر
محدوده,ارزشت
نمره,حساب
باطله,خوردگ
خاریدن,کچگ
فریاد زدن,کوکار
صفحه نمایش,دیم
پیچ,پیچ کش
اسکریپت,سیاهگ
بحر,زر
قفل,بند
جستجو کردن,شوهاز کن
فصل,بوم
صندلی,نندجاه
دوم,دومی
راز,راز
امن است,دیمپان
امنیت,دیمپانی
دیدن,بچار
به امید دیدار,هوار این
بعدا میبینمت,پدا ترا گندان
به زودی میبینمت,زوت ترا گندان
فردا می بینمت,باندا گندان انشاء الله
دانه,توم
سعی کردن,شوهاز کن
به نظر می رسد,لگگ
مشاهده گردید,دیست
تصاحب کردن,زورگرگ
تشنج,جنسی رد هیالی
انتخاب کنید,گچین
خود درمانی,وت وش بوگ
خودخواه,وت غرض
عکستو برام بفرست,وتی عکس ء دیم دئی
ارشد,مسترین
حس,مارشت
حساس,سنچی
ارسال شد,دیم دات
جمله,گالرد
جمله ها,گالبندان
جدا,جتائین
سپدی,سپیڈی
سپتامبر,ستمبر
توالی,ردا
سلسله,سیریز
جدی,سنگین
به طور جدی,دلپهکی
خدمت,هذمت کنگ
قرار گرفته,نند
برپایی,جوڑ کن
تنظیمات,شر کنگ
حل کن,اباد
هفت,هپت
هفده,هبده
هفتاد,هپتاد
دوختن,دوچگی
ش,ش
سایه,ساهگ
تکان دادن,سرینگ
ممکن در آینده,کنت
شرم,لج
شکل,دروشم
تیز,تیز
او (مونث),ا
دهنه,ریچگ
گوسفند,میش
ورق,تاکدیم
تاقچه,دکانی
پوسته,کچک
پناهگاه,پناه
سپر,اسپر
نوبت,نوبت
درخشیدن,روژناه
کشتی,زری گراب
حمل دریایی,گراب تاچی
پیراهن,پشک
کفش ها,چمپلان
شلیک,تیر بجن
فروشگاه,دکان
خرید کردن,سودایی
کوتاه,لک
کمبود,تنگی
شانه,کوپگ
فریاد,کوکار
به من نشان بده,منا پیشدار
شاور,اپشار
میگو,مدگ
کوچک شدن,نز ایگ
دهان را ببند,بس کنگ
شرمگین,لجو
خواهر و برادر,برات گهار
خواهر یا برادر,برات گهار
سمت,نیمگ
تماشا,سیل و سواد
علامت,نشان
امضا,دزرند
سکوت,بی تواری
ابریشم,ریشمی
نقره,نگره
ساده,ساده
همزمان,یکین وهد ء
پس از,هما وهد
خالصانه,دلپهک
آواز خواندن,سوت
خواننده,گشنده
مجرد,یک
کاسه شویی,بڈگ
آقا,واجه
خواهر,گهار
خواهر شوهر,نشار
بنشین,نندگ
سایت,هند
وضعیت,جاورهال
شش,شش
شانزده,شانزده
شصت,شست
اندازه,کچ
مهارت ها,هنر
پوست,پوست
لاغر,لاگر
جست و خیز کردن,یل کن
دامن,پوشاک
آسمان,ازمان
برده,گلام
خواب آلود,وابینگ
آستین,استونک
تکه,بهر
اسلاید,شترگ
تاحدی,کمی
باریک,بارگ
لیز خوردن,شترگ
اسلات,اسلات
آهسته. تدریجی,نزور
به آرامی,میزانا
کوچک,کسان
هوشیار,هژار
بو,بوه
لبخند,بچکندگ
دود,دوت
لشم,یک هساب
خوراک مختصر,مار
حلزون,کشک
مار,مار
ضربه محکم و ناگهانی,اناگت
برف,برپ
پس,گڈا
خیلی ناز,باز زیبدار
تا حالا,انوگ
خیس خوردن,زورگ
صابون,سابون
اجتماعی,راجی
جامعه,چاگرد
جوراب,جوراب
نرم,شرد
نرم افزار,سافٹ وئیر
فروخته شد,بها
فروخته شده,بها بوت
سرباز,سپاهیگ
جامد,سک
حل,گیشواری
بعضی,لهتین
کسی,لهتین مردم
به نحوی,کجام نان کجام وڑا
بعضی اوقات,بری بری
ترانه,سوت
سورانی,سورانی
گلو درد,گٹ
غم و اندوه,گم
متاسفم,بکش
مرتب سازی,نچینگ
جستجو کرد,لوٹائینته
هم روح,همراه
صدا,توار
سوپ,اپشک
ترش,ترپش
منبع,بنزه
جنوب,زربار
فضا,جاه
هرزنامه ها,انچائین
اسپانیایی,اسپنی
گپ زدن,بگوش
خاص,هاس
دیدنی,ڈولدار
سخن,گوشتانک
بی حرف,بی توار
املا,گوندۆ
صرف کرد,هرچ
تند,سوچاک
سنبله,سپاهیک
چرخش,ترینگ
اسفناج,پالک
تف انداختن,تک جنگ
فرق,شنگ شانگ
خراب,هراب
خود جوش,اناگت
قاشق,چمچی
همسر,لوگواجه
گسترش,جتائین
بهار,بهار
مربع,چارکنڈ
چلاندن,پرنچگ
سنجاب,اردک
چاقو زدن,وار
پایدار,مهکم
پشته,سر پا سر
لکه دار کردن,پولنگ
پله ها,پدیانک
سهام,جان ٹنگین ازیت
ساقه,شکار
غرفه,اسٹال
مهر,ٹپه
قیام,پادا بوشت
استاندارد,بستاری
ستاره,استال
آغاز شده,بندات کرتگ
گرسنگی,گژن
بیانیه,جار تاک
ایستگاه,اسٹیشن
مجسمه,بت
ماندن,نندگ
ایمن بمان,دیمپان بو
ثابت,مهکم
استیک,اسٹیک
کش رفتن,دزی
بخار,پاهار
فولاد,اسٹیل
شیب تند,اوشتاتگین
گام,گام
چوب,لٹ
سفت,سکین
تا حال,انوگ
نیش,ڈنک
خسیس,بهیل
هم بزنید,ڈاه
به سرقت رفته,دزی
معده,سگندانک
ایستاد,اوشتاتگین
توقف,اوشت
ذخیره سازی,امبار
دوکان,امبار
اجاق گاز,چل
سرراست,تچکین
غریبه,درین
استراتژی,کار راهبند
پوشال,پگ
توت فرنگی,اسٹرابیری
دریا,کور
کوچه,دمک
کش آمدن,کشگ
سختگیر,سکین
زدن,جاک
رشته,رێز
نوار,پٹی
تلاش کردن,جهد
قوی,مهکم
رخ داد,کشت
ساختار,ساخت
در حال مبارزه,جهد
قاطع,یکڈک /جاهل
بند مانده,گٹگ
دانشجو,نودربر
در حال مطالعه,وانگ
شئ,سامان
سبک,لس
موضوع,سرهال
ثبت,جم کن
جایگزین,بدل
نامحسوس,شر
موفق شدن,سوبمند
موفقیت,سوبمندی
کامیاب,سوبمند
مکیدن,چونسگ
ناگهانی,اناگت
رنج کشیدن,رنج
قند,شکر
مشوره دادن,شئور دی
دریشی,پوشاک
چمدان,پیتی
مجموع,زر
تابستان,گرماگ
اجلاس,سروکی دیوان
آفتاب,روچ
یکشنبه,یکشمبی
آفتابی,پیتاپ
غروب آفتاب,روبرکت
فوق العاده,جوان
برتر,برز تر
سرپرست,راهشون
عصرانه,مزنین
عرضه,پجار
حمایت,کمک
فرض می شود,زانگ بیت
سطح,سر بر
موج,گیشی
عمل جراحی,برو برین
تخلص,سرنام
تعجب,هیرانگی
غافلگیر شدن,هیران
تسلیم شدن,سلحه ان چگل دیگ
اطراف,کر و گور
نظارت,نگهوانی
سروی,گۆلگ
زنده ماندن,زندگ بوگ
مشکوک,شکی این
معلق,لونجان
حفظ کنند,برجاه دارگ
پایداری,دائمی
کوله پشتی,دزی
بلعیدن,پلیک
مبادله,بدلی
عرق,هید
جارو کردن,روپگ
شیرین,شیرکن
رویاهای شیرین,وشین واب
متورم شدن,پراه روگ
شنا کردن,اوژناگ
گاز,چیکو
سویچ,بٹن
متورم,گوات گرگ
شمشیر,زهم
سمبل,چیدگ
ابراز همدردی,مهروانی
علائم,نشانی
سیستم,راهبند
برخورد با,رکهگ
برچسب زدن,ٹیگ
دم,لٹک
بردن,زوری برو
جور باشی,هیالداری بکن
در آوردن,درکنگ
گرفته شده,زرتگ
گپ,ٹئوک
پرحرف,گپو
قدبلند,دراج
نل,نل
ذایقه,تام
خوش طعم,تامدار
درس داد,دربرائینت
چای,چاه
آموزش دهید,درس دئیگ
معلم,استاد
تیم,ٹولی
اشک,ارس
اذیت کردن,کجینگ
فن آوری,ٹیکنالوجی
دندان ها,دنتان
گفتن,بگوش
به من بگو,منا بگوش
خلق و خوی,زهرگرگ
معبد,بت‌‌هانه
موقت,اداروکی
ده,ده
ده هزار,ده هزار
مستاجر,کرایه دار
تمایل,مئیل
زمان فعل,اڑاند
تنش,بی ارامی
چادر,تمبو
آزمایشی,ادارکی
مقررات,شرت
بسیار بد,ترسناک
قلمرو,دیار
تشکر از صبر تان الی اینکه ما در مورد محموله تحقیق کنیم,تان وهدیکه ما شپمنٹ ء پٹ ء پول ء کنین تئی ودار کنگ ء منت وار
تشکر زیاد,تئی باز منت وار
تشکر زیاد از شما,تئی باز باز منت وار
برای استفاده از برنامه ما متشکریم,مئی ایپ کارمرزکنگ
به این معنا که,ایش انت که
از آنها,اهانی
خودشان,وت
تئوری,تهیوری
آنجا,اودا
وجود دارد,اودا این
آنجا است,اودا این
با این حال,پمیشکه
اینها,ای
آنها,ا
آن ها هستند,ا انت
فربه,بز
دزد,دز
نازک,لاگرین
چیز,چیز
اشیا,چیزان
فکر کردن,جێڑگ
سوم,سیمی
تشنه,تنیگ
سیزده,سینزده
سی,سی
به طور کامل,شرین وڑی ء
اگرچه,اگان
فکر,جیڑگ
متفکر,چار
اندیشه ها,هیالان
هزار,هزار
نخ,بندیک
تهدید,بیهار
تهدید کند,پاسکینگ
سه,سئی
آستانه,پیژگاه
هیجان زده,سک گلین
رشد کردن,دیمروی
گلو,گٹ
از طریق,چه
در طول,سرجمینان چه
شست,دزنشان
پنجشنبه,پنچ شمبی
تیک بزنید,ٹک
جزر و مد,چول
منظم,ساپ
ببر,گرک
تیگرینیا,ٹگرینیا
زمان,ساهت
نکات,شئور
بافت,ساپ کنوک
تا,ء
نان تست,ٹوسٹ
امروز,مرچی
کودک نوپا,کسانین زهگ
انگشتان پا,لنکک
باهم,هوری ء
توالت,پوهیگ
گفت,گوشتگ
تحمل کردن,سگگ
گوجه فرنگی,چماٹا
فردا,باندا
امشب,دوشی
گرفت,زرت
دندان,دنتان
بالا,برز
پاره شده,درگ
شکنجه,ازیت
دست زدن به,دست جنگ
تور,تروتاب
به سمت,نیمگ ء
بطرف,نیمگ ء
حوله,ٹوال
شهرک,شهر
زهرآگین,زهرین
پی گیری,رندگیری
پیمایش,ٹریک
سنت,دود
سنتی,ربیدگ
ترافیک,رو
دنباله,رنگ
تعلیم,هێلکاری
صفات,هرابی
انتقال,بدلی
ترجمه کردن,رجانک
حمل و نقل,سرء پر
تله,دام
زباله ها,گسڈانی ٹوکری
سینی,چاه
خزانه,زر امبار
علاج کردن,پیش آهگ
معالجه,الاج
درخت,درچک
قضیه محکمه,کیس
فوت و فن,وڑ
تلاش کرد,جهد کرت
ماشه,سروک
کوتاه کردن,تراشگ
مشکل,ڈکه
کامیون,ٹرک
تنه,پیتی
سونگا,تسونگا
لوله,ٹیوب
سه شنبه,سئی شمبی
شهریه,ٹیوشن
بوقلمون,ترکی
زردچوبه,الگدار
لاک پشت,کپیس
معلم خصوصی,وانینوک
دوازده,دوازده
بیست,بیست
بیست و یک,بیست
توئی,توئی
دو,دو
معمول,لس
نازیبا,بدرنگ
نهایی,اسری
چتر,چتر
قادر نیست,لائک نه انت
کاکا,ناکو
ناخودآگاه,بی هوش
دست کم گرفته شده,کم درجه بندی
فهمیدن,سرپد بوگ
درک کرد,سرپد بوتان
متاسفانه,بدبهتی
لباس فرم,چرنی
یکتا,یکتا
واحد,واحد
دانشگاه,مزنشهدربرجاه
ناشناخته,نزانتگین
الی غیر,تان وهدیکه
الی,تان وهدیکه
غیر معمول,ٹاه جنگ
به شما بستگی دارد,تئی سرا انت
تمدید,نوکاز
ارتقا,دیمروی
ناراحت,مونجا
شهری,شهری
عاجل,زوتین
ما,ما
استفاده,کارمرز
استفاده شده,کارمرز کنگ بیت
مفید,دردوار
بلا استفاده,بیکار
معمولی,همک وهدی هساب ء
معمولا,لس وڑان
سودمندی,پائدگ
واکسیناسیون,تکه
واکسین,ٹکه
خلاء,هورکین هند
دره,کوه
ارزش,نهاد
گلدان,گلدان
وسیع,شاهیگان
سبزی,سبزی
سبزیجات,سبزی
وسیله نقلیه,اۆلاک
فروشنده,بها کنوک
زهر,زهر
ریسک,گولگ
تایید کنید,تچک ئی بکن
همه کاره,هر کار
نسخه,تهر
عمودی,برزادی
احساسات,وائبز
شریر,شیتانی
ویدئو,تامر
شرور,ڈوهدارین
سرکه,بگاه بوک
قدیمی,انگور
خشونت,شدت
ویروسی,شنگ
باکره,جنین چک
مجازی,مجازی
تقوا,جوانی
بازدید,تروتاب
دیداری,چارگ ء
واژگان,لبز
جلد,کساس
داوطلب,هواچک
استفراغ,شانگ
آسیب پذیر,‏نازروک
حق الزحمه,مز
دستمزد,مز
کمر,سرین
انتظار,ودار
پیشخدمت,ورگجاه
از خواب بیدار,اگه
بیدار شو,پادا
قدم زدن,گام جنگ
دیوار,دیوال
پرسه زدن,ترگ
می خواهم,لوٹ
خواستن,لوٹ
تحت تعقیب,لوٹ اتگ ات
جا رختی,الماری
انبار,گدام
هشدار دادن,شیواری
جنگجو,یل
بودن (در گذشته),بوتگان
شستشو,شودگ
ضیاع,بێرانی
آب,اپ
هندوانه,کوٹگ
ما هستیم,ما این
ما میتوانیم,ما کرت کن انت
ضعیف,نزور
ضعف,نزوری
پوشیدن,گورا کنگ
آب و هوا,موسم
عروسی,اروس
چهارشنبه,چارشمبی
علف هرز,کاه
هفته,هپتگ
تعطیلات آخر هفته,هپتگ
وزن,وزن
خوش آمدید,وشاتکی
بودند,بوتگین
غرب,روبرکت
نمناک,میسگ
نهنگ,ویل
چه,چی
در مورد شما چه,تئی بابت ء چی
شما چه میکنید,تو چی کنگ ء ئی
شما فعلا چه میکنید,تو انون چی کنگ ء ئی
الان در حال انجام چه کاری هستید,تو ای ساعت ء چی کنگ ء ئی
چه کار میکنی,تو چی کن ئی
برای امرار معاش چه کار می کنی,تو په وهد ء تیلانک دیگ ء چی کن ئی
منظور تان چیست,تئی مراد چی این
چه چیزی می خواهید,تو چی لوٹ ئی
چه شد,چی بوت
چه است,چی ئی
این چیه,ای چی یی
شغل شما چیست,تئی کار چی این
نام شما چیست,تئی نام کئی انت
چه خبر,چی بوگ
اسمت چیه,تئی نام کئی این
هرچه,هرچی
گندم,گله
چرخ,پرگ
چه وقت,کدی
هر زمان که,کجام وهدء
کجا,کجا
شما کجا هستید,تو کجا ئی
شما از کجا هستید,تو چه کجا ئی
شما کجا هستید؟,تو انون کجا ئی
کجا زندگی می کنید,تو کجا نشتگ ئی
کجاست,کجا این
در حالیکه,وهدیکه
آیا,تری
در حالی,وهدیکه
نجوا,هلوت
سوت زدن,پیک
سفید,اسپیت
چه کسی,کئی
شما چه کسی هستید,تو کی ئی
که است,کئی این
این چه کسی است,ای کئی انت
از چه کسی,همائی ء
چرا,پرچا
چرا که نه,پرچا انان
بیوه,جنوزام
زن,جن
اراده,کیپ
پیروزی,باج
پنجره,دریگ
بادی,گوات
شراب,ترنداپ
زمستان,سارتی
سیم,ویر
خواهش,واهشت
بهترین ها را برای شما آرزو می کنم,امیت کنان شما دراه وش ات
جادوگر,جنینین جن
با,گون
دور شدن,پدا بزور
برداشت از حساب,واتری
بدون,ایشی
شاهد,شاهد
شوخ,هوشمند
گرگ,گرک
زنان,جنین
برنده شد,باج برت
نمی خواهد,نه کنت
حیرت,هیرانگی
پشم,پژم
کلمه,لبز
کلمات,لبزان
کار کردن,محنت
جهان,کوڑه
کرم,کرم
پوشیده,گورا کرتگین
نگران بودن,چرت
بدتر,گنتر
عبادت,ابادت
بدترین,گنترین
ارزشش را دارد,ایشی
شایسته,لائک
خواستن (در گذشته),کنت
زخم,ٹپ
واه,زبردست
بسته بندی کردن,پتا
مچ دست,مچ
نوشتن,نبیسگ
اینجا بنویس,ادا نبشته بکن
نوشته شده است,نبشته این
نوشت,نویس اتگ
حیاط,گز
خمیازه,جمگ
بله,هو
سال,سال
سال ها,سال ها
مخمر,همیر
رنگ زرد,زرد
بله عزیزم,هو چک
بلی عزیز,هو جانو
بلی عشق من,هو منی جان
بله حتما,هو الم
دیروز,زی
تا به حالی,انوگ
قبول کردن,پێدایش
شما,تو
شما هستید,تو ئی
شما زیبا هستی,تو زیبدارئی
بسیار زیبا هستی,تو سک جلوه دئی
قابل نداره,ترا وشاتک کنین
شما میتوانید,تو کرت کن ئی
میدونی,تو زان ئی
تو هم همینطور,تو هم
خواهش می کنم,ترا وشاتک گوشین
جوان,ورنا
از شما,تئی
خودت,وتارا
جوانان,ورناه
خواهش میکنم,ترا وشاتک گوشان
صفر,زیرو
